epoch,time,train/box_loss,train/cls_loss,train/dfl_loss,train/angle_loss,metrics/precision(B),metrics/recall(B),metrics/mAP50(B),metrics/mAP50-95(B),val/box_loss,val/cls_loss,val/dfl_loss,val/angle_loss,lr/pg0,lr/pg1,lr/pg2,lr/pg3,lr/pg4,lr/pg5,lr/pg6,lr/pg7
1,2114.23,0.9384,1.34415,1.55422,0.04009,0.93906,0.95609,0.97796,0.81354,0.55067,0.42545,1.02085,0.03801,0.00999912,0.00333304,0.00999912,0.00333304,0.00999912,0.00333304,0.00999912,0.00333304
2,1927.36,0.62083,0.75115,1.10155,0.01651,0.96116,0.96476,0.98152,0.83031,0.47001,0.33742,0.92669,0.00731,0.0196691,0.00655638,0.0196691,0.00655638,0.0196691,0.00655638,0.0196691,0.00655638
3,3832.42,0.58396,0.61056,1.04571,0.01405,0.96456,0.97154,0.98891,0.85103,0.4217,0.42584,0.87283,0.00579,0.0290091,0.00966972,0.0290091,0.00966972,0.0290091,0.00966972,0.0290091,0.00966972
4,5734.52,0.55728,0.62639,1.02645,0.01333,0.97419,0.96424,0.98255,0.85212,0.41477,0.31032,0.87035,0.00525,0.028515,0.009505,0.028515,0.009505,0.028515,0.009505,0.028515,0.009505
5,7634.97,0.50746,0.54076,0.98238,0.0108,0.97488,0.95701,0.98132,0.86589,0.39219,0.30124,0.85907,0.00398,0.02802,0.00934,0.02802,0.00934,0.02802,0.00934,0.02802,0.00934
6,9527.97,0.49218,0.42952,0.96863,0.01012,0.96995,0.96683,0.98221,0.87654,0.3737,0.24772,0.84014,0.00483,0.027525,0.009175,0.027525,0.009175,0.027525,0.009175,0.027525,0.009175
7,11426.3,0.46964,0.50495,0.95349,0.00987,0.97897,0.97141,0.9916,0.88007,0.35585,0.25057,0.83384,0.003,0.02703,0.00901,0.02703,0.00901,0.02703,0.00901,0.02703,0.00901
8,13324.9,0.44452,0.34824,0.93219,0.00875,0.99021,0.97538,0.98398,0.872,0.34916,0.24201,0.82098,0.00415,0.026535,0.008845,0.026535,0.008845,0.026535,0.008845,0.026535,0.008845
9,15217.6,0.42972,0.42146,0.91759,0.0089,0.98866,0.97406,0.98409,0.88796,0.34918,0.21807,0.83859,0.00267,0.02604,0.00868,0.02604,0.00868,0.02604,0.00868,0.02604,0.00868
10,17117,0.41476,0.33483,0.90837,0.00779,0.99007,0.97542,0.98414,0.88834,0.32261,0.20997,0.80806,0.00384,0.025545,0.008515,0.025545,0.008515,0.025545,0.008515,0.025545,0.008515
11,18996.1,0.4028,0.33587,0.89851,0.00825,0.99072,0.97895,0.99377,0.89816,0.31384,0.20232,0.80142,0.00382,0.02505,0.00835,0.02505,0.00835,0.02505,0.00835,0.02505,0.00835
12,20890.5,0.39177,0.40479,0.88978,0.00776,0.99042,0.97878,0.99348,0.89241,0.31224,0.19945,0.80355,0.00284,0.024555,0.008185,0.024555,0.008185,0.024555,0.008185,0.024555,0.008185
13,22789,0.3762,0.31777,0.88014,0.00742,0.98902,0.97586,0.98415,0.8864,0.31094,0.19218,0.81096,0.00206,0.02406,0.00802,0.02406,0.00802,0.02406,0.00802,0.02406,0.00802
14,24688.4,0.36942,0.30137,0.87947,0.00706,0.99126,0.97783,0.98434,0.91067,0.28203,0.19595,0.77631,0.00266,0.023565,0.007855,0.023565,0.007855,0.023565,0.007855,0.023565,0.007855
15,26584.7,0.35884,0.30474,0.8707,0.00691,0.99201,0.97572,0.99355,0.90175,0.28685,0.20072,0.79126,0.0024,0.02307,0.00769,0.02307,0.00769,0.02307,0.00769,0.02307,0.00769
16,28484.8,0.35258,0.27216,0.86793,0.00669,0.98997,0.97897,0.99382,0.91291,0.27875,0.18373,0.78309,0.00215,0.022575,0.007525,0.022575,0.007525,0.022575,0.007525,0.022575,0.007525
17,30380.2,0.34547,0.31969,0.85995,0.00624,0.99079,0.97534,0.98438,0.89525,0.29114,0.18453,0.80215,0.00168,0.02208,0.00736,0.02208,0.00736,0.02208,0.00736,0.02208,0.00736
18,32280.6,0.33587,0.27934,0.85684,0.00631,0.9906,0.97689,0.99381,0.91971,0.26468,0.19464,0.7714,0.00221,0.021585,0.007195,0.021585,0.007195,0.021585,0.007195,0.021585,0.007195
19,34167.2,0.3312,0.25274,0.85414,0.00604,0.99031,0.97859,0.9937,0.92085,0.25487,0.17887,0.76279,0.00204,0.02109,0.00703,0.02109,0.00703,0.02109,0.00703,0.02109,0.00703
20,36062.4,0.32413,0.23485,0.8509,0.00607,0.99179,0.97999,0.98452,0.90972,0.26192,0.16416,0.77821,0.0023,0.020595,0.006865,0.020595,0.006865,0.020595,0.006865,0.020595,0.006865
21,37962.8,0.31805,0.23469,0.84366,0.00562,0.99056,0.97908,0.99389,0.91171,0.25807,0.16203,0.77636,0.00235,0.0201,0.0067,0.0201,0.0067,0.0201,0.0067,0.0201,0.0067
22,1933.18,0.30726,0.25304,0.84094,0.00512,0.99076,0.98103,0.9942,0.91678,0.25091,0.15474,0.76913,0.00129,0.019605,0.006535,0.019605,0.006535,0.019605,0.006535,0.019605,0.006535
23,3861.35,0.30228,0.22861,0.83595,0.00482,0.99205,0.9823,0.99418,0.91899,0.24883,0.15569,0.76398,0.0026,0.01911,0.00637,0.01911,0.00637,0.01911,0.00637,0.01911,0.00637
24,5789.07,0.29738,0.2229,0.83429,0.00499,0.99217,0.97985,0.99406,0.9133,0.2565,0.15453,0.77386,0.00205,0.018615,0.006205,0.018615,0.006205,0.018615,0.006205,0.018615,0.006205
25,7718.53,0.29053,0.22997,0.82736,0.00462,0.99214,0.98143,0.99424,0.92209,0.2423,0.14567,0.76237,0.00123,0.01812,0.00604,0.01812,0.00604,0.01812,0.00604,0.01812,0.00604
26,9650.14,0.29148,0.21434,0.83081,0.00437,0.99135,0.98225,0.99428,0.93014,0.22729,0.13876,0.75221,0.00126,0.017625,0.005875,0.017625,0.005875,0.017625,0.005875,0.017625,0.005875
27,11580.5,0.28614,0.20973,0.83016,0.0045,0.99056,0.98335,0.99431,0.9278,0.22784,0.14208,0.75131,0.00169,0.01713,0.00571,0.01713,0.00571,0.01713,0.00571,0.01713,0.00571
28,13502,0.28072,0.20247,0.82356,0.0043,0.99109,0.97877,0.99408,0.92629,0.22917,0.1446,0.75696,0.00177,0.016635,0.005545,0.016635,0.005545,0.016635,0.005545,0.016635,0.005545
29,15428,0.27848,0.20295,0.82548,0.00395,0.99363,0.97893,0.98452,0.91646,0.2396,0.1486,0.76585,0.00162,0.01614,0.00538,0.01614,0.00538,0.01614,0.00538,0.01614,0.00538
30,1926.66,0.26419,0.18839,0.81711,0.00385,0.99187,0.98374,0.99436,0.92704,0.22735,0.1391,0.75459,0.00172,0.015645,0.005215,0.015645,0.005215,0.015645,0.005215,0.015645,0.005215
31,3839.92,0.26123,0.18875,0.81259,0.00348,0.99241,0.98311,0.99435,0.9224,0.23027,0.14294,0.75987,0.00175,0.01515,0.00505,0.01515,0.00505,0.01515,0.00505,0.01515,0.00505
32,5747.7,0.25472,0.18393,0.81162,0.00336,0.99191,0.9824,0.9943,0.92282,0.22853,0.13768,0.75723,0.00186,0.014655,0.004885,0.014655,0.004885,0.014655,0.004885,0.014655,0.004885
33,7658.64,0.25084,0.17608,0.80677,0.00332,0.99168,0.98029,0.99418,0.92439,0.22954,0.14419,0.75804,0.00172,0.01416,0.00472,0.01416,0.00472,0.01416,0.00472,0.01416,0.00472
34,9565.35,0.25385,0.17995,0.80946,0.00319,0.99187,0.98207,0.99431,0.9246,0.22289,0.13882,0.75598,0.00124,0.013665,0.004555,0.013665,0.004555,0.013665,0.004555,0.013665,0.004555
35,11472,0.24644,0.17341,0.80818,0.003,0.99173,0.98267,0.99431,0.92805,0.2185,0.13151,0.75427,0.00112,0.01317,0.00439,0.01317,0.00439,0.01317,0.00439,0.01317,0.00439
36,13379,0.24025,0.16835,0.80072,0.003,0.99266,0.98378,0.99439,0.92807,0.21843,0.13088,0.75438,0.00102,0.012675,0.004225,0.012675,0.004225,0.012675,0.004225,0.012675,0.004225
37,15287.3,0.23899,0.16775,0.80428,0.00285,0.99399,0.9827,0.99438,0.92726,0.21575,0.12742,0.75235,0.00126,0.01218,0.00406,0.01218,0.00406,0.01218,0.00406,0.01218,0.00406
38,17194.1,0.24023,0.17351,0.80557,0.00273,0.99445,0.98455,0.99443,0.92834,0.21681,0.12603,0.75105,0.00177,0.011685,0.003895,0.011685,0.003895,0.011685,0.003895,0.011685,0.003895
39,19101.1,0.23863,0.19461,0.80377,0.00261,0.99463,0.9838,0.99444,0.92359,0.22291,0.1268,0.76081,0.00155,0.01119,0.00373,0.01119,0.00373,0.01119,0.00373,0.01119,0.00373
40,21008.2,0.2369,0.17002,0.80319,0.00263,0.99308,0.98433,0.99441,0.93107,0.21358,0.12581,0.75076,0.00128,0.010695,0.003565,0.010695,0.003565,0.010695,0.003565,0.010695,0.003565
41,22916.8,0.23211,0.16599,0.80074,0.00243,0.99336,0.98408,0.99444,0.93332,0.2087,0.1235,0.74732,0.00126,0.0102,0.0034,0.0102,0.0034,0.0102,0.0034,0.0102,0.0034
42,24828.5,0.23103,0.16948,0.80369,0.0026,0.99362,0.98289,0.99439,0.92612,0.21549,0.12701,0.75566,0.00145,0.009705,0.003235,0.009705,0.003235,0.009705,0.003235,0.009705,0.003235
43,26733.1,0.22599,0.16002,0.80053,0.00233,0.99437,0.98351,0.99443,0.9282,0.2103,0.12482,0.74882,0.00132,0.00921,0.00307,0.00921,0.00307,0.00921,0.00307,0.00921,0.00307
44,28640.3,0.22266,0.15966,0.79886,0.00231,0.99377,0.98424,0.99446,0.92813,0.21053,0.12334,0.75066,0.00119,0.008715,0.002905,0.008715,0.002905,0.008715,0.002905,0.008715,0.002905
45,30541.8,0.2201,0.1597,0.79412,0.00213,0.99404,0.98409,0.99444,0.92907,0.20999,0.12612,0.74981,0.00129,0.00822,0.00274,0.00822,0.00274,0.00822,0.00274,0.00822,0.00274
46,32445.3,0.21537,0.16231,0.79602,0.00212,0.9933,0.98532,0.99446,0.92798,0.21166,0.12735,0.75127,0.00138,0.007725,0.002575,0.007725,0.002575,0.007725,0.002575,0.007725,0.002575
47,34346.8,0.21376,0.15207,0.79526,0.00202,0.99424,0.9854,0.99448,0.92535,0.21226,0.12553,0.75438,0.00132,0.00723,0.00241,0.00723,0.00241,0.00723,0.00241,0.00723,0.00241
48,36256.4,0.20905,0.14914,0.79568,0.00199,0.99301,0.98425,0.99441,0.92924,0.2088,0.12375,0.74924,0.00133,0.006735,0.002245,0.006735,0.002245,0.006735,0.002245,0.006735,0.002245
49,38161,0.20719,0.1463,0.79155,0.00192,0.99434,0.98378,0.99442,0.92828,0.20811,0.12324,0.74868,0.00132,0.00624,0.00208,0.00624,0.00208,0.00624,0.00208,0.00624,0.00208
50,40065.8,0.20621,0.14544,0.7923,0.00181,0.9946,0.98459,0.99444,0.92774,0.20656,0.12138,0.74864,0.00133,0.005745,0.001915,0.005745,0.001915,0.005745,0.001915,0.005745,0.001915
51,41981.3,0.13497,0.10028,0.65475,0.00053,0.9954,0.98398,0.98465,0.92929,0.19952,0.11802,0.74335,0.00131,0.00525,0.00175,0.00525,0.00175,0.00525,0.00175,0.00525,0.00175
52,43851.3,0.13088,0.09772,0.65395,0.00052,0.99604,0.98282,0.98465,0.92954,0.19738,0.11808,0.74163,0.0013,0.004755,0.001585,0.004755,0.001585,0.004755,0.001585,0.004755,0.001585
53,45723,0.12619,0.09615,0.65145,0.00044,0.99643,0.98222,0.98463,0.92838,0.19743,0.11863,0.74353,0.00113,0.00426,0.00142,0.00426,0.00142,0.00426,0.00142,0.00426,0.00142
54,1949.06,0.19144,0.13449,0.78549,0.00161,0.99554,0.98425,0.98464,0.92798,0.19975,0.1181,0.74517,0.00123,0.003765,0.001255,0.003765,0.001255,0.003765,0.001255,0.003765,0.001255
55,3893.39,0.18723,0.1321,0.78137,0.00156,0.99476,0.98503,0.99447,0.92973,0.19987,0.11749,0.74656,0.00119,0.00327,0.00109,0.00327,0.00109,0.00327,0.00109,0.00327,0.00109
56,5822.04,0.18297,0.12939,0.78059,0.00158,0.99499,0.98477,0.99449,0.92971,0.19946,0.1167,0.7465,0.00118,0.002775,0.000925,0.002775,0.000925,0.002775,0.000925,0.002775,0.000925
57,7744.92,0.17841,0.12746,0.77536,0.00144,0.99478,0.98503,0.99448,0.92966,0.2003,0.11664,0.7471,0.00124,0.00228,0.00076,0.00228,0.00076,0.00228,0.00076,0.00228,0.00076
58,9673.11,0.18041,0.12789,0.77805,0.00153,0.99465,0.98481,0.99448,0.92966,0.20052,0.11669,0.748,0.00122,0.001785,0.000595,0.001785,0.000595,0.001785,0.000595,0.001785,0.000595
59,11599.5,0.17674,0.12592,0.77878,0.0014,0.9945,0.98479,0.99447,0.92958,0.20096,0.11684,0.74902,0.00125,0.00129,0.00043,0.00129,0.00043,0.00129,0.00043,0.00129,0.00043
60,13531.7,0.17327,0.12278,0.77492,0.00144,0.99451,0.98475,0.99447,0.92797,0.20129,0.11667,0.74978,0.00127,0.000795,0.000265,0.000795,0.000265,0.000795,0.000265,0.000795,0.000265
